<?xml version='1.0' encoding='UTF-8'?>
<page-set xmlns="http://www.gatein.org/xml/ns/gatein_objects_1_3" xmlns:xsi="http://www.w3.org/2001/XMLSchema-instance" xsi:schemaLocation="http://www.gatein.org/xml/ns/gatein_objects_1_3 http://www.gatein.org/xml/ns/gatein_objects_1_3">
   <page>
      <name>homepage</name>
      <title>Home Page</title>
      <access-permissions>Everyone</access-permissions>
      <edit-permission>*:/platform/administrators</edit-permission>
      <show-max-window>false</show-max-window>
      <container id="1057515055" template="system:/groovy/portal/webui/container/UITableColumnContainer.gtmpl">
         <access-permissions>*:/platform/administrators;*:/platform/users</access-permissions>
         <factory-id>TableColumnContainer</factory-id>
         <container id="1845490074" template="system:/groovy/portal/webui/container/UIColumnContainer.gtmpl">
            <access-permissions>Everyone</access-permissions>
            <factory-id>ColumnContainer</factory-id>
            <container id="679303177" template="system:/groovy/portal/webui/container/UIContainer.gtmpl">
               <access-permissions>Everyone</access-permissions>
               <container id="250722039" template="system:/groovy/portal/webui/container/UIContainer.gtmpl">
                  <access-permissions>Everyone</access-permissions>
                  <container id="522394059" template="system:/groovy/portal/webui/container/UIContainer.gtmpl">
                     <access-permissions>Everyone</access-permissions>
                     <portlet-application>
                        <portlet>
                           <application-ref>seam-seamspace</application-ref>
                           <portlet-ref>MyProfile</portlet-ref>
                        </portlet>
                        <theme>Default:DefaultTheme::Vista:VistaTheme::Mac:MacTheme</theme>
                        <access-permissions>Everyone</access-permissions>
                        <show-info-bar>false</show-info-bar>
                        <show-application-state>true</show-application-state>
                        <show-application-mode>true</show-application-mode>
                        <description>MyProfile</description>
                     </portlet-application>
                  </container>
                  <container id="963800677" template="system:/groovy/portal/webui/container/UIContainer.gtmpl">
                     <access-permissions>Everyone</access-permissions>
                     <container id="839388858" template="system:/groovy/portal/webui/container/UIContainer.gtmpl">
                        <access-permissions>Everyone</access-permissions>
                        <container id="788459263" template="system:/groovy/portal/webui/container/UIContainer.gtmpl" height="150px">
                           <access-permissions>Everyone</access-permissions>
                           <portlet-application>
                              <portlet>
                                 <application-ref>seam-seamspace</application-ref>
                                 <portlet-ref>Invitations</portlet-ref>
                              </portlet>
                              <theme>Default:DefaultTheme::Vista:VistaTheme::Mac:MacTheme</theme>
                              <access-permissions>Everyone</access-permissions>
                              <show-info-bar>false</show-info-bar>
                              <show-application-state>true</show-application-state>
                              <show-application-mode>true</show-application-mode>
                              <description>Invitations</description>
                           </portlet-application>
                        </container>
                        <container id="1660731251" template="system:/groovy/portal/webui/container/UIContainer.gtmpl">
                           <access-permissions>Everyone</access-permissions>
                           <container id="1967968205" template="system:/groovy/portal/webui/container/UIContainer.gtmpl">
                              <access-permissions>Everyone</access-permissions>
                              <container id="98490341" template="system:/groovy/portal/webui/container/UIContainer.gtmpl">
                                 <access-permissions>Everyone</access-permissions>
                                 <portlet-application>
                                    <portlet>
                                       <application-ref>seam-seamspace</application-ref>
                                       <portlet-ref>SearchGroup</portlet-ref>
                                    </portlet>
                                    <theme>Default:DefaultTheme::Vista:VistaTheme::Mac:MacTheme</theme>
                                    <access-permissions>Everyone</access-permissions>
                                    <show-info-bar>false</show-info-bar>
                                    <show-application-state>true</show-application-state>
                                    <show-application-mode>true</show-application-mode>
                                 </portlet-application>
                              </container>
                              <container id="1764752997" template="system:/groovy/portal/webui/container/UIContainer.gtmpl">
                                 <access-permissions>Everyone</access-permissions>
                                 <portlet-application>
                                    <portlet>
                                       <application-ref>seam-seamspace</application-ref>
                                       <portlet-ref>SearchPortfolio</portlet-ref>
                                    </portlet>
                                    <theme>Default:DefaultTheme::Vista:VistaTheme::Mac:MacTheme</theme>
                                    <access-permissions>Everyone</access-permissions>
                                    <show-info-bar>false</show-info-bar>
                                    <show-application-state>true</show-application-state>
                                    <show-application-mode>true</show-application-mode>
                                 </portlet-application>
                              </container>
                              <container id="1306971862" template="system:/groovy/portal/webui/container/UIContainer.gtmpl">
                                 <access-permissions>Everyone</access-permissions>
                                 <portlet-application>
                                    <portlet>
                                       <application-ref>seam-seamspace</application-ref>
                                       <portlet-ref>SCompoundProperty</portlet-ref>
                                    </portlet>
                                    <theme>Default:DefaultTheme::Vista:VistaTheme::Mac:MacTheme</theme>
                                    <access-permissions>Everyone</access-permissions>
                                    <show-info-bar>false</show-info-bar>
                                    <show-application-state>true</show-application-state>
                                    <show-application-mode>true</show-application-mode>
                                 </portlet-application>
                              </container>
                           </container>
                        </container>
                     </container>
                  </container>
                  <container id="128829018" template="system:/groovy/portal/webui/container/UIContainer.gtmpl">
                     <access-permissions>Everyone</access-permissions>
                     <portlet-application>
                        <portlet>
                           <application-ref>seam-seamspace</application-ref>
                           <portlet-ref>Agenda</portlet-ref>
                        </portlet>
                        <theme>Default:DefaultTheme::Vista:VistaTheme::Mac:MacTheme</theme>
                        <access-permissions>Everyone</access-permissions>
                        <show-info-bar>false</show-info-bar>
                        <show-application-state>true</show-application-state>
                        <show-application-mode>true</show-application-mode>
                        <description>Agenda</description>
                     </portlet-application>
                  </container>
               </container>
            </container>
         </container>
         <container id="1045360097" template="system:/groovy/portal/webui/container/UIColumnContainer.gtmpl" width="700px">
            <access-permissions>Everyone</access-permissions>
            <factory-id>ColumnContainer</factory-id>
            <container id="1571046628" template="system:/groovy/portal/webui/container/UIContainer.gtmpl">
               <access-permissions>Everyone</access-permissions>
               <container id="1269236931" template="system:/groovy/portal/webui/container/UIContainer.gtmpl">
                  <access-permissions>Everyone</access-permissions>
                  <portlet-application>
                     <portlet>
                        <application-ref>seam-seamspace</application-ref>
                        <portlet-ref>wall</portlet-ref>
                     </portlet>
                     <theme>Default:RoundConerViolet::Mac:MacTheme::Vista:VistaTheme</theme>
                     <access-permissions>Everyone</access-permissions>
                     <show-info-bar>false</show-info-bar>
                     <show-application-state>true</show-application-state>
                     <show-application-mode>true</show-application-mode>
                     <description>wall</description>
                     <icon>PortletIcon</icon>
                  </portlet-application>
               </container>
               <container id="1110033666" template="system:/groovy/portal/webui/container/UIContainer.gtmpl" height="500%">
                  <access-permissions>Everyone</access-permissions>
               </container>
            </container>
         </container>
         <container id="803434172" template="system:/groovy/portal/webui/container/UIColumnContainer.gtmpl">
            <access-permissions>Everyone</access-permissions>
            <factory-id>ColumnContainer</factory-id>
            <container id="653151156" template="system:/groovy/portal/webui/container/UIContainer.gtmpl">
               <access-permissions>Everyone</access-permissions>
               <container id="1722559075" template="system:/groovy/portal/webui/container/UIContainer.gtmpl" height="80px">
                  <access-permissions>Everyone</access-permissions>
                  <portlet-application>
                     <portlet>
                        <application-ref>seam-seamspace</application-ref>
                        <portlet-ref>Online</portlet-ref>
                     </portlet>
                     <theme>Default:DefaultTheme::Vista:VistaTheme::Mac:MacTheme</theme>
                     <access-permissions>Everyone</access-permissions>
                     <show-info-bar>false</show-info-bar>
                     <show-application-state>true</show-application-state>
                     <show-application-mode>true</show-application-mode>
                     <description>Online</description>
                  </portlet-application>
               </container>
               <container id="823328318" template="system:/groovy/portal/webui/container/UIContainer.gtmpl">
                  <access-permissions>Everyone</access-permissions>
                  <container id="502990349" template="system:/groovy/portal/webui/container/UIContainer.gtmpl">
                     <access-permissions>Everyone</access-permissions>
                     <container id="1263161051" template="system:/groovy/portal/webui/container/UIContainer.gtmpl" height="120px">
                        <access-permissions>Everyone</access-permissions>
                        <portlet-application>
                           <portlet>
                              <application-ref>seam-seamspace</application-ref>
                              <portlet-ref>bookmarks</portlet-ref>
                           </portlet>
                           <theme>Default:DefaultTheme::Vista:VistaTheme::Mac:MacTheme</theme>
                           <access-permissions>Everyone</access-permissions>
                           <show-info-bar>false</show-info-bar>
                           <show-application-state>true</show-application-state>
                           <show-application-mode>true</show-application-mode>
                           <description>bookmarks</description>
                        </portlet-application>
                     </container>
                     <container id="2071933562" template="system:/groovy/portal/webui/container/UIContainer.gtmpl">
                        <access-permissions>Everyone</access-permissions>
                        <container id="1840454882" template="system:/groovy/portal/webui/container/UIContainer.gtmpl">
                           <access-permissions>Everyone</access-permissions>
                           <container id="170750386" template="system:/groovy/portal/webui/container/UIContainer.gtmpl">
                              <access-permissions>Everyone</access-permissions>
                              <portlet-application>
                                 <portlet>
                                    <application-ref>seam-seamspace</application-ref>
                                    <portlet-ref>SearchProject</portlet-ref>
                                 </portlet>
                                 <theme>Default:DefaultTheme::Vista:VistaTheme::Mac:MacTheme</theme>
                                 <access-permissions>Everyone</access-permissions>
                                 <show-info-bar>false</show-info-bar>
                                 <show-application-state>true</show-application-state>
                                 <show-application-mode>true</show-application-mode>
                              </portlet-application>
                           </container>
                           <container id="763585110" template="system:/groovy/portal/webui/container/UIContainer.gtmpl">
                              <access-permissions>Everyone</access-permissions>
                              <portlet-application>
                                 <portlet>
                                    <application-ref>seam-seamspace</application-ref>
                                    <portlet-ref>SearchAssay</portlet-ref>
                                 </portlet>
                                 <theme>Default:DefaultTheme::Vista:VistaTheme::Mac:MacTheme</theme>
                                 <access-permissions>Everyone</access-permissions>
                                 <show-info-bar>false</show-info-bar>
                                 <show-application-state>true</show-application-state>
                                 <show-application-mode>true</show-application-mode>
                              </portlet-application>
                           </container>
                           <container id="212669298" template="system:/groovy/portal/webui/container/UIContainer.gtmpl">
                              <access-permissions>Everyone</access-permissions>
                              <portlet-application>
                                 <portlet>
                                    <application-ref>seam-seamspace</application-ref>
                                    <portlet-ref>SearchAppTherapy</portlet-ref>
                                 </portlet>
                                 <theme>Default:DefaultTheme::Vista:VistaTheme::Mac:MacTheme</theme>
                                 <access-permissions>Everyone</access-permissions>
                                 <show-info-bar>false</show-info-bar>
                                 <show-application-state>true</show-application-state>
                                 <show-application-mode>true</show-application-mode>
                              </portlet-application>
                           </container>
                        </container>
                     </container>
                  </container>
               </container>
               <container id="1867477536" template="system:/groovy/portal/webui/container/UIContainer.gtmpl">
                  <access-permissions>Everyone</access-permissions>
                  <portlet-application>
                     <portlet>
                        <application-ref>seam-seamspace</application-ref>
                        <portlet-ref>Favorite</portlet-ref>
                     </portlet>
                     <theme>Default:DefaultTheme::Vista:VistaTheme::Mac:MacTheme</theme>
                     <access-permissions>Everyone</access-permissions>
                     <show-info-bar>false</show-info-bar>
                     <show-application-state>true</show-application-state>
                     <show-application-mode>true</show-application-mode>
                     <description>Favorite</description>
                  </portlet-application>
               </container>
            </container>
         </container>
      </container>
      <container id="1675814084" template="system:/groovy/portal/webui/container/UIContainer.gtmpl">
         <access-permissions>*:/platform/guests</access-permissions>
         <portlet-application>
            <portlet>
               <application-ref>seam-seamspace</application-ref>
               <portlet-ref>slideshow</portlet-ref>
            </portlet>
            <theme>Default:DefaultTheme::Vista:VistaTheme::Mac:MacTheme</theme>
            <access-permissions>Everyone</access-permissions>
            <show-info-bar>false</show-info-bar>
            <show-application-state>true</show-application-state>
            <show-application-mode>true</show-application-mode>
            <description>slideshow</description>
         </portlet-application>
         <container id="466472131" template="system:/groovy/portal/webui/container/UITableColumnContainer.gtmpl">
            <access-permissions>Everyone</access-permissions>
            <factory-id>TableColumnContainer</factory-id>
            <container id="1681794167" template="system:/groovy/portal/webui/container/UIColumnContainer.gtmpl" width="300px">
               <access-permissions>Everyone</access-permissions>
               <factory-id>ColumnContainer</factory-id>
               <portlet-application>
                  <portlet>
                     <application-ref>seam-seamspace</application-ref>
                     <portlet-ref>twiter</portlet-ref>
                  </portlet>
                  <theme>Default:DefaultTheme::Vista:VistaTheme::Mac:MacTheme</theme>
                  <access-permissions>Everyone</access-permissions>
                  <show-info-bar>false</show-info-bar>
                  <show-application-state>true</show-application-state>
                  <show-application-mode>true</show-application-mode>
                  <description>twiter</description>
               </portlet-application>
            </container>
            <container id="734802955" template="system:/groovy/portal/webui/container/UIColumnContainer.gtmpl">
               <access-permissions>Everyone</access-permissions>
               <factory-id>ColumnContainer</factory-id>
               <portlet-application>
                  <portlet>
                     <application-ref>seam-seamspace</application-ref>
                     <portlet-ref>welcome</portlet-ref>
                  </portlet>
                  <theme>Default:DefaultTheme::Vista:VistaTheme::Mac:MacTheme</theme>
                  <access-permissions>Everyone</access-permissions>
                  <show-info-bar>false</show-info-bar>
                  <show-application-state>true</show-application-state>
                  <show-application-mode>true</show-application-mode>
                  <description>welcome</description>
               </portlet-application>
            </container>
         </container>
      </container>
   </page>
   <page>
      <name>groupnavigation</name>
      <title>Group Navigation</title>
      <access-permissions>*:/platform/users</access-permissions>
      <edit-permission>*:/platform/administrators</edit-permission>
      <show-max-window>false</show-max-window>
      <portlet-application>
         <portlet>
            <application-ref>exoadmin</application-ref>
            <portlet-ref>GroupNavigationPortlet</portlet-ref>
         </portlet>
         <title>Group Navigation</title>
         <access-permissions>Everyone</access-permissions>
         <show-info-bar>false</show-info-bar>
         <show-application-state>true</show-application-state>
         <show-application-mode>true</show-application-mode>
      </portlet-application>
   </page>
   <page>
      <name>portalnavigation</name>
      <title>Portal Navigation</title>
      <access-permissions>*:/platform/users</access-permissions>
      <edit-permission>*:/platform/administrators</edit-permission>
      <show-max-window>false</show-max-window>
      <portlet-application>
         <portlet>
            <application-ref>exoadmin</application-ref>
            <portlet-ref>PortalNavigationPortlet</portlet-ref>
         </portlet>
         <title>Portal Navigation</title>
         <access-permissions>Everyone</access-permissions>
         <show-info-bar>false</show-info-bar>
         <show-application-state>true</show-application-state>
         <show-application-mode>true</show-application-mode>
      </portlet-application>
   </page>
   <page>
      <name>register</name>
      <title>Register</title>
      <access-permissions>*:/platform/guests</access-permissions>
      <edit-permission>*:/platform/administrators</edit-permission>
      <show-max-window>false</show-max-window>
      <portlet-application>
         <portlet>
            <application-ref>exoadmin</application-ref>
            <portlet-ref>RegisterPortlet</portlet-ref>
         </portlet>
         <title>Register Account</title>
         <access-permissions>*:/platform/guests</access-permissions>
         <show-info-bar>false</show-info-bar>
         <show-application-state>true</show-application-state>
         <show-application-mode>true</show-application-mode>
      </portlet-application>
   </page>
   <page>
      <name>sitemap</name>
      <title>Site Map</title>
      <access-permissions>Everyone</access-permissions>
      <edit-permission>*:/platform/administrators</edit-permission>
      <show-max-window>false</show-max-window>
      <portlet-application>
         <portlet>
            <application-ref>web</application-ref>
            <portlet-ref>SiteMapPortlet</portlet-ref>
            <preferences>
               <preference>
                  <name>useAJAX</name>
                  <value>false</value>
                  <read-only>false</read-only>
               </preference>
            </preferences>
         </portlet>
         <title>SiteMap</title>
         <access-permissions>Everyone</access-permissions>
         <show-info-bar>false</show-info-bar>
         <show-application-state>true</show-application-state>
         <show-application-mode>true</show-application-mode>
      </portlet-application>
   </page>
   <page>
      <name>Groups</name>
      <title>Groups</title>
      <access-permissions>*:/platform/administrators</access-permissions>
      <edit-permission>*:/platform/administrators</edit-permission>
      <show-max-window>false</show-max-window>
      <container id="112042775" template="system:/groovy/portal/webui/container/UIContainer.gtmpl">
         <access-permissions>Everyone</access-permissions>
         <container id="1907244653" template="system:/groovy/portal/webui/container/UIContainer.gtmpl">
            <access-permissions>Everyone</access-permissions>
         </container>
         <container id="1719967849" template="system:/groovy/portal/webui/container/UIContainer.gtmpl">
            <access-permissions>Everyone</access-permissions>
         </container>
         <container id="222265876" template="system:/groovy/portal/webui/container/UIContainer.gtmpl">
            <access-permissions>Everyone</access-permissions>
            <container id="81213227" template="system:/groovy/portal/webui/container/UITableColumnContainer.gtmpl">
               <access-permissions>Everyone</access-permissions>
               <factory-id>TableColumnContainer</factory-id>
               <container id="1189348109" template="system:/groovy/portal/webui/container/UIColumnContainer.gtmpl">
                  <access-permissions>Everyone</access-permissions>
                  <factory-id>ColumnContainer</factory-id>
               </container>
               <container id="595881687" template="system:/groovy/portal/webui/container/UIColumnContainer.gtmpl">
                  <access-permissions>Everyone</access-permissions>
                  <factory-id>ColumnContainer</factory-id>
                  <portlet-application>
                     <portlet>
                        <application-ref>seam-seamspace</application-ref>
                        <portlet-ref>Groups</portlet-ref>
                     </portlet>
                     <theme>Default:DefaultTheme::Mac:MacTheme::Vista:VistaTheme</theme>
                     <access-permissions>*:/platform/administrators;*:/platform/users</access-permissions>
                     <show-info-bar>false</show-info-bar>
                     <show-application-state>true</show-application-state>
                     <show-application-mode>true</show-application-mode>
                     <description>Groups</description>
                     <icon>PortletIcon</icon>
                  </portlet-application>
                  <portlet-application>
                     <portlet>
                        <application-ref>seam-seamspace</application-ref>
                        <portlet-ref>Guest</portlet-ref>
                     </portlet>
                     <theme>Default:DefaultTheme::Mac:MacTheme::Vista:VistaTheme</theme>
                     <access-permissions>*:/platform/guests;manager:/platform/administrators</access-permissions>
                     <show-info-bar>false</show-info-bar>
                     <show-application-state>true</show-application-state>
                     <show-application-mode>true</show-application-mode>
                     <description>Guest</description>
                     <icon>PortletIcon</icon>
                  </portlet-application>
               </container>
               <container id="1267267448" template="system:/groovy/portal/webui/container/UIColumnContainer.gtmpl">
                  <access-permissions>Everyone</access-permissions>
                  <factory-id>ColumnContainer</factory-id>
               </container>
            </container>
         </container>
      </container>
   </page>
   <page>
      <name>Project</name>
      <title>Project</title>
      <access-permissions>*:/platform/administrators;Developer:/platform/users</access-permissions>
      <edit-permission>*:/platform/administrators</edit-permission>
      <show-max-window>false</show-max-window>
      <container id="1820549719" template="system:/groovy/portal/webui/container/UITableColumnContainer.gtmpl">
         <access-permissions>Everyone</access-permissions>
         <factory-id>TableColumnContainer</factory-id>
         <container id="632124777" template="system:/groovy/portal/webui/container/UIColumnContainer.gtmpl">
            <access-permissions>Everyone</access-permissions>
            <factory-id>ColumnContainer</factory-id>
         </container>
         <container id="519525330" template="system:/groovy/portal/webui/container/UIColumnContainer.gtmpl" width="400px">
            <access-permissions>Everyone</access-permissions>
            <factory-id>ColumnContainer</factory-id>
            <portlet-application>
               <portlet>
                  <application-ref>seam-seamspace</application-ref>
                  <portlet-ref>project</portlet-ref>
               </portlet>
               <theme>Default:DefaultTheme::Vista:VistaTheme::Mac:MacTheme</theme>
               <access-permissions>Everyone</access-permissions>
               <show-info-bar>false</show-info-bar>
               <show-application-state>true</show-application-state>
               <show-application-mode>true</show-application-mode>
               <description>project</description>
            </portlet-application>
         </container>
         <container id="2141196255" template="system:/groovy/portal/webui/container/UIColumnContainer.gtmpl">
            <access-permissions>Everyone</access-permissions>
            <factory-id>ColumnContainer</factory-id>
         </container>
      </container>
      <container id="2091836443" template="system:/groovy/portal/webui/container/UITableColumnContainer.gtmpl">
         <access-permissions>Everyone</access-permissions>
         <factory-id>TableColumnContainer</factory-id>
         <container id="1040312464" template="system:/groovy/portal/webui/container/UIColumnContainer.gtmpl">
            <access-permissions>Everyone</access-permissions>
            <factory-id>ColumnContainer</factory-id>
         </container>
         <container id="1867212221" template="system:/groovy/portal/webui/container/UIColumnContainer.gtmpl">
            <access-permissions>*:/platform/guests</access-permissions>
            <factory-id>ColumnContainer</factory-id>
            <portlet-application>
               <portlet>
                  <application-ref>seam-seamspace</application-ref>
                  <portlet-ref>Guest</portlet-ref>
               </portlet>
               <theme>Default:DefaultTheme::Vista:VistaTheme::Mac:MacTheme</theme>
               <access-permissions>Everyone</access-permissions>
               <show-info-bar>false</show-info-bar>
               <show-application-state>true</show-application-state>
               <show-application-mode>true</show-application-mode>
            </portlet-application>
         </container>
         <container id="1057264736" template="system:/groovy/portal/webui/container/UIColumnContainer.gtmpl">
            <access-permissions>Everyone</access-permissions>
            <factory-id>ColumnContainer</factory-id>
         </container>
      </container>
   </page>
   <page>
      <name>Portfolio</name>
      <title>Portfolio</title>
      <access-permissions>*:/platform/administrators</access-permissions>
      <edit-permission>*:/platform/administrators</edit-permission>
      <show-max-window>false</show-max-window>
      <container id="1383518280" template="system:/groovy/portal/webui/container/UIContainer.gtmpl">
         <access-permissions>Everyone</access-permissions>
         <container id="1986285891" template="system:/groovy/portal/webui/container/UIContainer.gtmpl">
            <access-permissions>Everyone</access-permissions>
         </container>
         <container id="873677422" template="system:/groovy/portal/webui/container/UIContainer.gtmpl">
            <access-permissions>Everyone</access-permissions>
         </container>
         <container id="1550737015" template="system:/groovy/portal/webui/container/UIContainer.gtmpl">
            <access-permissions>Everyone</access-permissions>
            <container id="1213584295" template="system:/groovy/portal/webui/container/UITableColumnContainer.gtmpl">
               <access-permissions>Everyone</access-permissions>
               <factory-id>TableColumnContainer</factory-id>
               <container id="2059050506" template="system:/groovy/portal/webui/container/UIColumnContainer.gtmpl">
                  <access-permissions>Everyone</access-permissions>
                  <factory-id>ColumnContainer</factory-id>
               </container>
               <container id="1910366584" template="system:/groovy/portal/webui/container/UIColumnContainer.gtmpl" width="600px">
                  <access-permissions>Everyone</access-permissions>
                  <factory-id>ColumnContainer</factory-id>
                  <portlet-application>
                     <portlet>
                        <application-ref>seam-seamspace</application-ref>
                        <portlet-ref>savePortfolio</portlet-ref>
                     </portlet>
                     <theme>Default:DefaultTheme::Mac:MacTheme::Vista:VistaTheme</theme>
                     <access-permissions>*:/platform/administrators;*:/platform/users</access-permissions>
                     <show-info-bar>false</show-info-bar>
                     <show-application-state>true</show-application-state>
                     <show-application-mode>true</show-application-mode>
                     <description>savePortfolio</description>
                     <icon>PortletIcon</icon>
                  </portlet-application>
                  <portlet-application>
                     <portlet>
                        <application-ref>seam-seamspace</application-ref>
                        <portlet-ref>Guest</portlet-ref>
                     </portlet>
                     <theme>Default:DefaultTheme::Vista:VistaTheme::Mac:MacTheme</theme>
                     <access-permissions>*:/platform/guests</access-permissions>
                     <show-info-bar>false</show-info-bar>
                     <show-application-state>true</show-application-state>
                     <show-application-mode>true</show-application-mode>
                     <description>Guest</description>
                  </portlet-application>
               </container>
               <container id="503170991" template="system:/groovy/portal/webui/container/UIColumnContainer.gtmpl">
                  <access-permissions>Everyone</access-permissions>
                  <factory-id>ColumnContainer</factory-id>
               </container>
            </container>
         </container>
      </container>
   </page>
   <page>
      <name>DashBoard</name>
      <title>DashBoard</title>
      <access-permissions>Everyone</access-permissions>
      <edit-permission>*:/platform/administrators</edit-permission>
      <show-max-window>false</show-max-window>
      <portlet-application>
         <portlet>
            <application-ref>gatein-portal-extension</application-ref>
            <portlet-ref>DashBoard</portlet-ref>
         </portlet>
         <theme>Default:DefaultTheme::Vista:VistaTheme::Mac:MacTheme</theme>
         <title>DashBoard</title>
         <access-permissions>Everyone</access-permissions>
         <show-info-bar>false</show-info-bar>
         <show-application-state>false</show-application-state>
         <show-application-mode>false</show-application-mode>
      </portlet-application>
   </page>
   <page>
      <name>SignIn</name>
      <title>SignIn</title>
      <access-permissions>Everyone</access-permissions>
      <edit-permission>*:/platform/administrators</edit-permission>
      <show-max-window>false</show-max-window>
      <portlet-application>
         <portlet>
            <application-ref>gatein-portal-extension</application-ref>
            <portlet-ref>Login</portlet-ref>
         </portlet>
         <theme>Default:DefaultTheme::Vista:VistaTheme::Mac:MacTheme</theme>
         <access-permissions>Everyone</access-permissions>
         <show-info-bar>false</show-info-bar>
         <show-application-state>true</show-application-state>
         <show-application-mode>true</show-application-mode>
         <description>Login</description>
      </portlet-application>
   </page>
   <page>
      <name>myProfile</name>
      <title>myProfile</title>
      <access-permissions>Everyone</access-permissions>
      <edit-permission>*:/platform/administrators</edit-permission>
      <show-max-window>false</show-max-window>
      <portlet-application>
         <portlet>
            <application-ref>gatein-portal-extension</application-ref>
            <portlet-ref>myProfile</portlet-ref>
         </portlet>
         <title>myProfile</title>
         <access-permissions>Everyone</access-permissions>
         <show-info-bar>false</show-info-bar>
         <show-application-state>false</show-application-state>
         <show-application-mode>false</show-application-mode>
      </portlet-application>
   </page>
   <page>
      <name>compoundproperties</name>
      <access-permissions>Everyone</access-permissions>
      <edit-permission>*:/platform/administrators</edit-permission>
      <show-max-window>false</show-max-window>
   </page>
   <page>
      <name>assay</name>
      <title>assay</title>
      <access-permissions>Everyone</access-permissions>
      <edit-permission>*:/platform/administrators</edit-permission>
      <show-max-window>false</show-max-window>
   </page>
   <page>
      <name>portfolios</name>
      <title>portfolios</title>
      <access-permissions>Everyone</access-permissions>
      <edit-permission>*:/platform/administrators</edit-permission>
      <show-max-window>false</show-max-window>
   </page>
   <page>
      <name>portfolios1</name>
      <title>portfolios1</title>
      <access-permissions>Everyone</access-permissions>
      <edit-permission>*:/platform/administrators</edit-permission>
      <show-max-window>false</show-max-window>
   </page>
   <page>
      <name>projects1</name>
      <title>projects1</title>
      <access-permissions>Everyone</access-permissions>
      <edit-permission>*:/platform/administrators</edit-permission>
      <show-max-window>false</show-max-window>
   </page>
   <page>
      <name>groups</name>
      <title>groups</title>
      <access-permissions>Everyone</access-permissions>
      <edit-permission>*:/platform/administrators</edit-permission>
      <show-max-window>false</show-max-window>
   </page>
   <page>
      <name>compound</name>
      <title>compound</title>
      <access-permissions>*:/platform/administrators</access-permissions>
      <edit-permission>*:/platform/administrators</edit-permission>
      <show-max-window>false</show-max-window>
      <container id="154492310" template="system:/groovy/portal/webui/container/UITableColumnContainer.gtmpl">
         <access-permissions>Everyone</access-permissions>
         <factory-id>TableColumnContainer</factory-id>
         <container id="1447844113" template="system:/groovy/portal/webui/container/UIColumnContainer.gtmpl">
            <access-permissions>Everyone</access-permissions>
            <factory-id>ColumnContainer</factory-id>
         </container>
         <container id="778803034" template="system:/groovy/portal/webui/container/UIColumnContainer.gtmpl" width="600px">
            <access-permissions>*:/platform/administrators;*:/platform/users</access-permissions>
            <factory-id>ColumnContainer</factory-id>
            <portlet-application>
               <portlet>
                  <application-ref>seam-seamspace</application-ref>
                  <portlet-ref>AddProperties</portlet-ref>
               </portlet>
               <theme>Default:DefaultTheme::Mac:MacTheme::Vista:VistaTheme</theme>
               <access-permissions>*:/platform/administrators;*:/platform/users</access-permissions>
               <show-info-bar>false</show-info-bar>
               <show-application-state>true</show-application-state>
               <show-application-mode>true</show-application-mode>
               <description>AddProperties</description>
               <icon>PortletIcon</icon>
            </portlet-application>
         </container>
         <container id="429763973" template="system:/groovy/portal/webui/container/UIColumnContainer.gtmpl">
            <access-permissions>Everyone</access-permissions>
            <factory-id>ColumnContainer</factory-id>
         </container>
      </container>
      <container id="69496105" template="system:/groovy/portal/webui/container/UITableColumnContainer.gtmpl">
         <access-permissions>Everyone</access-permissions>
         <factory-id>TableColumnContainer</factory-id>
         <container id="1937416414" template="system:/groovy/portal/webui/container/UIColumnContainer.gtmpl">
            <access-permissions>Everyone</access-permissions>
            <factory-id>ColumnContainer</factory-id>
         </container>
         <container id="2010614284" template="system:/groovy/portal/webui/container/UIColumnContainer.gtmpl">
            <access-permissions>Everyone</access-permissions>
            <factory-id>ColumnContainer</factory-id>
            <portlet-application>
               <portlet>
                  <application-ref>seam-seamspace</application-ref>
                  <portlet-ref>Guest</portlet-ref>
               </portlet>
               <theme>Default:DefaultTheme::Vista:VistaTheme::Mac:MacTheme</theme>
               <access-permissions>*:/platform/guests</access-permissions>
               <show-info-bar>false</show-info-bar>
               <show-application-state>true</show-application-state>
               <show-application-mode>true</show-application-mode>
               <description>Guest</description>
            </portlet-application>
         </container>
         <container id="1739085643" template="system:/groovy/portal/webui/container/UIColumnContainer.gtmpl">
            <access-permissions>Everyone</access-permissions>
            <factory-id>ColumnContainer</factory-id>
         </container>
      </container>
   </page>
   <page>
      <name>assay1</name>
      <title>assay1</title>
      <access-permissions>Everyone</access-permissions>
      <edit-permission>*:/platform/administrators</edit-permission>
      <show-max-window>false</show-max-window>
      <container id="1508131574" template="system:/groovy/portal/webui/container/UITableColumnContainer.gtmpl">
         <access-permissions>Everyone</access-permissions>
         <factory-id>TableColumnContainer</factory-id>
         <container id="417878677" template="system:/groovy/portal/webui/container/UIColumnContainer.gtmpl">
            <access-permissions>Everyone</access-permissions>
            <factory-id>ColumnContainer</factory-id>
         </container>
         <container id="1015398649" template="system:/groovy/portal/webui/container/UIColumnContainer.gtmpl" width="600px">
            <access-permissions>Everyone</access-permissions>
            <factory-id>ColumnContainer</factory-id>
            <portlet-application>
               <portlet>
                  <application-ref>seam-seamspace</application-ref>
                  <portlet-ref>Assay</portlet-ref>
               </portlet>
               <theme>Default:DefaultTheme::Mac:MacTheme::Vista:VistaTheme</theme>
               <access-permissions>*:/platform/administrators;*:/platform/users</access-permissions>
               <show-info-bar>false</show-info-bar>
               <show-application-state>true</show-application-state>
               <show-application-mode>true</show-application-mode>
               <description>Assay</description>
               <icon>PortletIcon</icon>
            </portlet-application>
         </container>
         <container id="1900034681" template="system:/groovy/portal/webui/container/UIColumnContainer.gtmpl">
            <access-permissions>Everyone</access-permissions>
            <factory-id>ColumnContainer</factory-id>
         </container>
      </container>
      <container id="1128646823" template="system:/groovy/portal/webui/container/UITableColumnContainer.gtmpl">
         <access-permissions>Everyone</access-permissions>
         <factory-id>TableColumnContainer</factory-id>
         <container id="444100210" template="system:/groovy/portal/webui/container/UIColumnContainer.gtmpl">
            <access-permissions>Everyone</access-permissions>
            <factory-id>ColumnContainer</factory-id>
         </container>
         <container id="1486556145" template="system:/groovy/portal/webui/container/UIColumnContainer.gtmpl">
            <access-permissions>Everyone</access-permissions>
            <factory-id>ColumnContainer</factory-id>
            <portlet-application>
               <portlet>
                  <application-ref>seam-seamspace</application-ref>
                  <portlet-ref>Guest</portlet-ref>
               </portlet>
               <theme>Default:DefaultTheme::Vista:VistaTheme::Mac:MacTheme</theme>
               <access-permissions>*:/platform/guests</access-permissions>
               <show-info-bar>false</show-info-bar>
               <show-application-state>true</show-application-state>
               <show-application-mode>true</show-application-mode>
               <description>Guest</description>
            </portlet-application>
         </container>
         <container id="724379817" template="system:/groovy/portal/webui/container/UIColumnContainer.gtmpl">
            <access-permissions>Everyone</access-permissions>
            <factory-id>ColumnContainer</factory-id>
         </container>
      </container>
   </page>
   <page>
      <name>portfolios2</name>
      <title>portfolios2</title>
      <access-permissions>Everyone</access-permissions>
      <edit-permission>*:/platform/administrators</edit-permission>
      <show-max-window>false</show-max-window>
      <container id="416200645" template="system:/groovy/portal/webui/container/UITableColumnContainer.gtmpl">
         <access-permissions>Everyone</access-permissions>
         <factory-id>TableColumnContainer</factory-id>
         <container id="730002236" template="system:/groovy/portal/webui/container/UIColumnContainer.gtmpl">
            <access-permissions>Everyone</access-permissions>
            <factory-id>ColumnContainer</factory-id>
         </container>
         <container id="573505141" template="system:/groovy/portal/webui/container/UIColumnContainer.gtmpl">
            <access-permissions>Everyone</access-permissions>
            <factory-id>ColumnContainer</factory-id>
            <portlet-application>
               <portlet>
                  <application-ref>seam-seamspace</application-ref>
                  <portlet-ref>savePortfolio</portlet-ref>
               </portlet>
               <theme>Default:DefaultTheme::Mac:MacTheme::Vista:VistaTheme</theme>
               <access-permissions>*:/platform/administrators;*:/platform/users</access-permissions>
               <show-info-bar>false</show-info-bar>
               <show-application-state>true</show-application-state>
               <show-application-mode>true</show-application-mode>
               <description>savePortfolio</description>
               <icon>PortletIcon</icon>
            </portlet-application>
         </container>
         <container id="994297051" template="system:/groovy/portal/webui/container/UIColumnContainer.gtmpl">
            <access-permissions>Everyone</access-permissions>
            <factory-id>ColumnContainer</factory-id>
         </container>
      </container>
      <container id="2051229455" template="system:/groovy/portal/webui/container/UITableColumnContainer.gtmpl">
         <access-permissions>Everyone</access-permissions>
         <factory-id>TableColumnContainer</factory-id>
         <container id="1458464894" template="system:/groovy/portal/webui/container/UIColumnContainer.gtmpl">
            <access-permissions>Everyone</access-permissions>
            <factory-id>ColumnContainer</factory-id>
         </container>
         <container id="1041126600" template="system:/groovy/portal/webui/container/UIColumnContainer.gtmpl">
            <access-permissions>Everyone</access-permissions>
            <factory-id>ColumnContainer</factory-id>
            <portlet-application>
               <portlet>
                  <application-ref>seam-seamspace</application-ref>
                  <portlet-ref>Guest</portlet-ref>
               </portlet>
               <theme>Default:DefaultTheme::Vista:VistaTheme::Mac:MacTheme</theme>
               <access-permissions>*:/platform/guests</access-permissions>
               <show-info-bar>false</show-info-bar>
               <show-application-state>true</show-application-state>
               <show-application-mode>true</show-application-mode>
               <description>Guest</description>
            </portlet-application>
         </container>
         <container id="518010444" template="system:/groovy/portal/webui/container/UIColumnContainer.gtmpl">
            <access-permissions>Everyone</access-permissions>
            <factory-id>ColumnContainer</factory-id>
         </container>
      </container>
   </page>
   <page>
      <name>projects2</name>
      <title>projects2</title>
      <access-permissions>Everyone</access-permissions>
      <edit-permission>*:/platform/administrators</edit-permission>
      <show-max-window>false</show-max-window>
      <container id="695842833" template="system:/groovy/portal/webui/container/UITableColumnContainer.gtmpl">
         <access-permissions>Everyone</access-permissions>
         <factory-id>TableColumnContainer</factory-id>
         <container id="55984253" template="system:/groovy/portal/webui/container/UIColumnContainer.gtmpl">
            <access-permissions>Everyone</access-permissions>
            <factory-id>ColumnContainer</factory-id>
         </container>
         <container id="329502785" template="system:/groovy/portal/webui/container/UIColumnContainer.gtmpl">
            <access-permissions>Everyone</access-permissions>
            <factory-id>ColumnContainer</factory-id>
            <portlet-application>
               <portlet>
                  <application-ref>seam-seamspace</application-ref>
                  <portlet-ref>project</portlet-ref>
               </portlet>
               <theme>Default:DefaultTheme::Mac:MacTheme::Vista:VistaTheme</theme>
               <access-permissions>*:/platform/administrators;*:/platform/users</access-permissions>
               <show-info-bar>false</show-info-bar>
               <show-application-state>true</show-application-state>
               <show-application-mode>true</show-application-mode>
               <description>project</description>
               <icon>PortletIcon</icon>
            </portlet-application>
         </container>
         <container id="1740465529" template="system:/groovy/portal/webui/container/UIColumnContainer.gtmpl">
            <access-permissions>Everyone</access-permissions>
            <factory-id>ColumnContainer</factory-id>
         </container>
      </container>
      <container id="2026486397" template="system:/groovy/portal/webui/container/UITableColumnContainer.gtmpl">
         <access-permissions>Everyone</access-permissions>
         <factory-id>TableColumnContainer</factory-id>
         <container id="66232959" template="system:/groovy/portal/webui/container/UIColumnContainer.gtmpl">
            <access-permissions>Everyone</access-permissions>
            <factory-id>ColumnContainer</factory-id>
         </container>
         <container id="780812767" template="system:/groovy/portal/webui/container/UIColumnContainer.gtmpl">
            <access-permissions>Everyone</access-permissions>
            <factory-id>ColumnContainer</factory-id>
            <portlet-application>
               <portlet>
                  <application-ref>seam-seamspace</application-ref>
                  <portlet-ref>Guest</portlet-ref>
               </portlet>
               <theme>Default:DefaultTheme::Vista:VistaTheme::Mac:MacTheme</theme>
               <access-permissions>*:/platform/guests</access-permissions>
               <show-info-bar>false</show-info-bar>
               <show-application-state>true</show-application-state>
               <show-application-mode>true</show-application-mode>
               <description>Guest</description>
            </portlet-application>
         </container>
         <container id="1995091799" template="system:/groovy/portal/webui/container/UIColumnContainer.gtmpl">
            <access-permissions>Everyone</access-permissions>
            <factory-id>ColumnContainer</factory-id>
         </container>
      </container>
   </page>
   <page>
      <name>groups2</name>
      <title>groups2</title>
      <access-permissions>Everyone</access-permissions>
      <edit-permission>*:/platform/administrators</edit-permission>
      <show-max-window>false</show-max-window>
      <container id="1506185716" template="system:/groovy/portal/webui/container/UITableColumnContainer.gtmpl">
         <access-permissions>Everyone</access-permissions>
         <factory-id>TableColumnContainer</factory-id>
         <container id="2073581623" template="system:/groovy/portal/webui/container/UIColumnContainer.gtmpl">
            <access-permissions>Everyone</access-permissions>
            <factory-id>ColumnContainer</factory-id>
         </container>
         <container id="1321714245" template="system:/groovy/portal/webui/container/UIColumnContainer.gtmpl">
            <access-permissions>Everyone</access-permissions>
            <factory-id>ColumnContainer</factory-id>
            <portlet-application>
               <portlet>
                  <application-ref>seam-seamspace</application-ref>
                  <portlet-ref>Groups</portlet-ref>
               </portlet>
               <theme>Default:DefaultTheme::Mac:MacTheme::Vista:VistaTheme</theme>
               <access-permissions>*:/platform/administrators;*:/platform/users</access-permissions>
               <show-info-bar>false</show-info-bar>
               <show-application-state>true</show-application-state>
               <show-application-mode>true</show-application-mode>
               <description>Groups</description>
               <icon>PortletIcon</icon>
            </portlet-application>
         </container>
         <container id="480471147" template="system:/groovy/portal/webui/container/UIColumnContainer.gtmpl">
            <access-permissions>Everyone</access-permissions>
            <factory-id>ColumnContainer</factory-id>
         </container>
      </container>
      <container id="1691139705" template="system:/groovy/portal/webui/container/UITableColumnContainer.gtmpl">
         <access-permissions>Everyone</access-permissions>
         <factory-id>TableColumnContainer</factory-id>
         <container id="1038953890" template="system:/groovy/portal/webui/container/UIColumnContainer.gtmpl">
            <access-permissions>Everyone</access-permissions>
            <factory-id>ColumnContainer</factory-id>
         </container>
         <container id="508495473" template="system:/groovy/portal/webui/container/UIColumnContainer.gtmpl">
            <access-permissions>Everyone</access-permissions>
            <factory-id>ColumnContainer</factory-id>
            <portlet-application>
               <portlet>
                  <application-ref>seam-seamspace</application-ref>
                  <portlet-ref>Guest</portlet-ref>
               </portlet>
               <theme>Default:DefaultTheme::Vista:VistaTheme::Mac:MacTheme</theme>
               <access-permissions>*:/platform/guests</access-permissions>
               <show-info-bar>false</show-info-bar>
               <show-application-state>true</show-application-state>
               <show-application-mode>true</show-application-mode>
               <description>Guest</description>
            </portlet-application>
         </container>
         <container id="1445983298" template="system:/groovy/portal/webui/container/UIColumnContainer.gtmpl">
            <access-permissions>Everyone</access-permissions>
            <factory-id>ColumnContainer</factory-id>
         </container>
      </container>
   </page>
   <page>
      <name>ltas</name>
      <title>ltas</title>
      <access-permissions>Everyone</access-permissions>
      <edit-permission>*:/platform/administrators</edit-permission>
      <show-max-window>false</show-max-window>
      <container id="657065787" template="system:/groovy/portal/webui/container/UIContainer.gtmpl">
         <access-permissions>Everyone</access-permissions>
         <container id="805893515" template="system:/groovy/portal/webui/container/UITableColumnContainer.gtmpl">
            <access-permissions>Everyone</access-permissions>
            <factory-id>TableColumnContainer</factory-id>
            <container id="472944976" template="system:/groovy/portal/webui/container/UIColumnContainer.gtmpl">
               <access-permissions>Everyone</access-permissions>
               <factory-id>ColumnContainer</factory-id>
            </container>
            <container id="949234085" template="system:/groovy/portal/webui/container/UIColumnContainer.gtmpl" width="800px">
               <access-permissions>Everyone</access-permissions>
               <factory-id>ColumnContainer</factory-id>
               <portlet-application>
                  <portlet>
                     <application-ref>seam-seamspace</application-ref>
                     <portlet-ref>Ltas</portlet-ref>
                  </portlet>
                  <theme>Default:DefaultTheme::Vista:VistaTheme::Mac:MacTheme</theme>
                  <access-permissions>*:/platform/users;*:/platform/administrators</access-permissions>
                  <show-info-bar>false</show-info-bar>
                  <show-application-state>true</show-application-state>
                  <show-application-mode>true</show-application-mode>
                  <description>Ltas</description>
               </portlet-application>
            </container>
            <container id="121253032" template="system:/groovy/portal/webui/container/UIColumnContainer.gtmpl">
               <access-permissions>Everyone</access-permissions>
               <factory-id>ColumnContainer</factory-id>
            </container>
         </container>
         <container id="1162932391" template="system:/groovy/portal/webui/container/UITableColumnContainer.gtmpl">
            <access-permissions>Everyone</access-permissions>
            <factory-id>TableColumnContainer</factory-id>
            <container id="1156024190" template="system:/groovy/portal/webui/container/UIColumnContainer.gtmpl">
               <access-permissions>Everyone</access-permissions>
               <factory-id>ColumnContainer</factory-id>
            </container>
            <container id="1014006921" template="system:/groovy/portal/webui/container/UIColumnContainer.gtmpl">
               <access-permissions>Everyone</access-permissions>
               <factory-id>ColumnContainer</factory-id>
               <portlet-application>
                  <portlet>
                     <application-ref>seam-seamspace</application-ref>
                     <portlet-ref>Guest</portlet-ref>
                  </portlet>
                  <theme>Default:DefaultTheme::Vista:VistaTheme::Mac:MacTheme</theme>
                  <access-permissions>*:/platform/guests</access-permissions>
                  <show-info-bar>false</show-info-bar>
                  <show-application-state>true</show-application-state>
                  <show-application-mode>true</show-application-mode>
                  <description>Guest</description>
               </portlet-application>
            </container>
            <container id="2131582302" template="system:/groovy/portal/webui/container/UIColumnContainer.gtmpl">
               <access-permissions>Everyone</access-permissions>
               <factory-id>ColumnContainer</factory-id>
            </container>
         </container>
      </container>
   </page>
   <page>
      <name>ApprovedTherapy</name>
      <title>Approved Therapy</title>
      <access-permissions>Everyone</access-permissions>
      <edit-permission>*:/platform/administrators</edit-permission>
      <show-max-window>false</show-max-window>
      <container id="1055796557" template="system:/groovy/portal/webui/container/UITableColumnContainer.gtmpl">
         <access-permissions>Everyone</access-permissions>
         <factory-id>TableColumnContainer</factory-id>
         <container id="1340871102" template="system:/groovy/portal/webui/container/UIColumnContainer.gtmpl">
            <access-permissions>Everyone</access-permissions>
            <factory-id>ColumnContainer</factory-id>
         </container>
         <container id="327219696" template="system:/groovy/portal/webui/container/UIColumnContainer.gtmpl" width="850px">
            <access-permissions>Everyone</access-permissions>
            <factory-id>ColumnContainer</factory-id>
            <portlet-application>
               <portlet>
                  <application-ref>seam-seamspace</application-ref>
                  <portlet-ref>ApprovedThearpy</portlet-ref>
               </portlet>
               <theme>Default:DefaultTheme::Mac:MacTheme::Vista:VistaTheme</theme>
               <access-permissions>*:/platform/users;*:/platform/administrators</access-permissions>
               <show-info-bar>false</show-info-bar>
               <show-application-state>true</show-application-state>
               <show-application-mode>true</show-application-mode>
               <description>ApprovedThearpy</description>
               <icon>PortletIcon</icon>
            </portlet-application>
         </container>
         <container id="2023294352" template="system:/groovy/portal/webui/container/UIColumnContainer.gtmpl">
            <access-permissions>Everyone</access-permissions>
            <factory-id>ColumnContainer</factory-id>
         </container>
      </container>
   </page>
   <page>
      <name>wiki</name>
      <title>wiki</title>
      <access-permissions>Everyone</access-permissions>
      <edit-permission>*:/platform/administrators</edit-permission>
      <show-max-window>false</show-max-window>
      <container id="550401773" template="system:/groovy/portal/webui/container/UIContainer.gtmpl">
         <access-permissions>Everyone</access-permissions>
         <container id="1390531182" template="system:/groovy/portal/webui/container/UIContainer.gtmpl">
            <access-permissions>Everyone</access-permissions>
            <portlet-application>
               <portlet>
                  <application-ref>seam-seamspace</application-ref>
                  <portlet-ref>wikiSearch</portlet-ref>
               </portlet>
               <theme>Default:DefaultTheme::Vista:VistaTheme::Mac:MacTheme</theme>
               <access-permissions>Everyone</access-permissions>
               <show-info-bar>false</show-info-bar>
               <show-application-state>true</show-application-state>
               <show-application-mode>true</show-application-mode>
               <description>wikiSearch</description>
            </portlet-application>
         </container>
         <container id="1740529220" template="system:/groovy/portal/webui/container/UITableColumnContainer.gtmpl">
            <access-permissions>Everyone</access-permissions>
            <factory-id>TableColumnContainer</factory-id>
            <container id="52361106" template="system:/groovy/portal/webui/container/UIColumnContainer.gtmpl" width="200px">
               <access-permissions>Everyone</access-permissions>
               <factory-id>ColumnContainer</factory-id>
               <portlet-application>
                  <portlet>
                     <application-ref>seam-seamspace</application-ref>
                     <portlet-ref>wikiTree</portlet-ref>
                  </portlet>
                  <theme>Default:DefaultTheme::Vista:VistaTheme::Mac:MacTheme</theme>
                  <access-permissions>Everyone</access-permissions>
                  <show-info-bar>false</show-info-bar>
                  <show-application-state>true</show-application-state>
                  <show-application-mode>true</show-application-mode>
                  <description>wikiTree</description>
               </portlet-application>
            </container>
            <container id="1712296919" template="system:/groovy/portal/webui/container/UIColumnContainer.gtmpl">
               <access-permissions>Everyone</access-permissions>
               <factory-id>ColumnContainer</factory-id>
               <portlet-application>
                  <portlet>
                     <application-ref>seam-seamspace</application-ref>
                     <portlet-ref>wikiContent</portlet-ref>
                  </portlet>
                  <theme>Default:DefaultTheme::Vista:VistaTheme::Mac:MacTheme</theme>
                  <access-permissions>Everyone</access-permissions>
                  <show-info-bar>false</show-info-bar>
                  <show-application-state>true</show-application-state>
                  <show-application-mode>true</show-application-mode>
                  <description>wikiContent</description>
               </portlet-application>
            </container>
         </container>
      </container>
   </page>
   <page>
      <name>addPage</name>
      <title>addPage</title>
      <access-permissions>Everyone</access-permissions>
      <edit-permission>*:/platform/administrators</edit-permission>
      <show-max-window>false</show-max-window>
      <container id="333467136" template="system:/groovy/portal/webui/container/UITableColumnContainer.gtmpl">
         <access-permissions>Everyone</access-permissions>
         <factory-id>TableColumnContainer</factory-id>
         <container id="1797319729" template="system:/groovy/portal/webui/container/UIColumnContainer.gtmpl">
            <access-permissions>Everyone</access-permissions>
            <factory-id>ColumnContainer</factory-id>
         </container>
         <container id="1047706601" template="system:/groovy/portal/webui/container/UIColumnContainer.gtmpl" width="600px">
            <access-permissions>Everyone</access-permissions>
            <factory-id>ColumnContainer</factory-id>
            <portlet-application>
               <portlet>
                  <application-ref>seam-seamspace</application-ref>
                  <portlet-ref>wikiEditor</portlet-ref>
               </portlet>
               <theme>Default:DefaultTheme::Vista:VistaTheme::Mac:MacTheme</theme>
               <access-permissions>Everyone</access-permissions>
               <show-info-bar>false</show-info-bar>
               <show-application-state>true</show-application-state>
               <show-application-mode>true</show-application-mode>
               <description>wikiEditor</description>
            </portlet-application>
         </container>
         <container id="1586421254" template="system:/groovy/portal/webui/container/UIColumnContainer.gtmpl">
            <access-permissions>Everyone</access-permissions>
            <factory-id>ColumnContainer</factory-id>
         </container>
      </container>
   </page>
   <page>
      <name>ApproveTherapy</name>
      <title>ApproveTherapy</title>
      <access-permissions>Everyone</access-permissions>
      <edit-permission>*:/platform/administrators</edit-permission>
      <show-max-window>false</show-max-window>
      <container id="1696243395" template="system:/groovy/portal/webui/container/UITableColumnContainer.gtmpl">
         <access-permissions>Everyone</access-permissions>
         <factory-id>TableColumnContainer</factory-id>
         <container id="917325840" template="system:/groovy/portal/webui/container/UIColumnContainer.gtmpl">
            <access-permissions>Everyone</access-permissions>
            <factory-id>ColumnContainer</factory-id>
         </container>
         <container id="710291067" template="system:/groovy/portal/webui/container/UIColumnContainer.gtmpl" width="860px">
            <access-permissions>Everyone</access-permissions>
            <factory-id>ColumnContainer</factory-id>
            <portlet-application>
               <portlet>
                  <application-ref>seam-seamspace</application-ref>
                  <portlet-ref>ApprovedThearpy</portlet-ref>
               </portlet>
               <theme>Default:DefaultTheme::Mac:MacTheme::Vista:VistaTheme</theme>
               <access-permissions>*:/platform/administrators;*:/platform/users</access-permissions>
               <show-info-bar>false</show-info-bar>
               <show-application-state>true</show-application-state>
               <show-application-mode>true</show-application-mode>
               <description>ApprovedThearpy</description>
               <icon>PortletIcon</icon>
            </portlet-application>
         </container>
         <container id="369396" template="system:/groovy/portal/webui/container/UIColumnContainer.gtmpl">
            <access-permissions>Everyone</access-permissions>
            <factory-id>ColumnContainer</factory-id>
         </container>
      </container>
      <container id="132189090" template="system:/groovy/portal/webui/container/UITableColumnContainer.gtmpl">
         <access-permissions>Everyone</access-permissions>
         <factory-id>TableColumnContainer</factory-id>
         <container id="1203944632" template="system:/groovy/portal/webui/container/UIColumnContainer.gtmpl">
            <access-permissions>Everyone</access-permissions>
            <factory-id>ColumnContainer</factory-id>
         </container>
         <container id="1106507990" template="system:/groovy/portal/webui/container/UIColumnContainer.gtmpl">
            <access-permissions>Everyone</access-permissions>
            <factory-id>ColumnContainer</factory-id>
            <portlet-application>
               <portlet>
                  <application-ref>seam-seamspace</application-ref>
                  <portlet-ref>Guest</portlet-ref>
               </portlet>
               <theme>Default:DefaultTheme::Vista:VistaTheme::Mac:MacTheme</theme>
               <access-permissions>*:/platform/guests</access-permissions>
               <show-info-bar>false</show-info-bar>
               <show-application-state>true</show-application-state>
               <show-application-mode>true</show-application-mode>
               <description>Guest</description>
            </portlet-application>
         </container>
         <container id="2018888557" template="system:/groovy/portal/webui/container/UIColumnContainer.gtmpl">
            <access-permissions>Everyone</access-permissions>
            <factory-id>ColumnContainer</factory-id>
         </container>
      </container>
   </page>
   <page>
      <name>Dengue</name>
      <title>Dengue</title>
      <access-permissions>Everyone</access-permissions>
      <edit-permission>*:/platform/administrators</edit-permission>
      <show-max-window>false</show-max-window>
      <container id="419970812" template="system:/groovy/portal/webui/container/UITableColumnContainer.gtmpl">
         <access-permissions>Everyone</access-permissions>
         <factory-id>TableColumnContainer</factory-id>
         <container id="1818173242" template="system:/groovy/portal/webui/container/UIColumnContainer.gtmpl">
            <access-permissions>Everyone</access-permissions>
            <factory-id>ColumnContainer</factory-id>
         </container>
         <container id="1492865131" template="system:/groovy/portal/webui/container/UIColumnContainer.gtmpl" width="700px">
            <access-permissions>Everyone</access-permissions>
            <factory-id>ColumnContainer</factory-id>
            <portlet-application>
               <portlet>
                  <application-ref>seam-seamspace</application-ref>
                  <portlet-ref>Dengue</portlet-ref>
               </portlet>
               <theme>Default:DefaultTheme::Vista:VistaTheme::Mac:MacTheme</theme>
               <access-permissions>Everyone</access-permissions>
               <show-info-bar>false</show-info-bar>
               <show-application-state>true</show-application-state>
               <show-application-mode>true</show-application-mode>
               <description>Dengue</description>
            </portlet-application>
         </container>
         <container id="1532808816" template="system:/groovy/portal/webui/container/UIColumnContainer.gtmpl">
            <access-permissions>Everyone</access-permissions>
            <factory-id>ColumnContainer</factory-id>
         </container>
      </container>
      <container id="1603422860" template="system:/groovy/portal/webui/container/UITableColumnContainer.gtmpl">
         <access-permissions>Everyone</access-permissions>
         <factory-id>TableColumnContainer</factory-id>
         <container id="2103205464" template="system:/groovy/portal/webui/container/UIColumnContainer.gtmpl">
            <access-permissions>Everyone</access-permissions>
            <factory-id>ColumnContainer</factory-id>
         </container>
         <container id="993403828" template="system:/groovy/portal/webui/container/UIColumnContainer.gtmpl">
            <access-permissions>Everyone</access-permissions>
            <factory-id>ColumnContainer</factory-id>
            <portlet-application>
               <portlet>
                  <application-ref>seam-seamspace</application-ref>
                  <portlet-ref>Guest</portlet-ref>
               </portlet>
               <theme>Default:DefaultTheme::Vista:VistaTheme::Mac:MacTheme</theme>
               <access-permissions>Everyone</access-permissions>
               <show-info-bar>false</show-info-bar>
               <show-application-state>true</show-application-state>
               <show-application-mode>true</show-application-mode>
               <description>Guest</description>
            </portlet-application>
         </container>
         <container id="1600265418" template="system:/groovy/portal/webui/container/UIColumnContainer.gtmpl">
            <access-permissions>Everyone</access-permissions>
            <factory-id>ColumnContainer</factory-id>
         </container>
      </container>
   </page>
   <page>
      <name>aboutUs</name>
      <title>aboutUs</title>
      <access-permissions>*:/platform/guests;*:/platform/users</access-permissions>
      <edit-permission>*:/platform/administrators</edit-permission>
      <show-max-window>false</show-max-window>
      <container id="1934331875" template="system:/groovy/portal/webui/container/UIContainer.gtmpl">
         <access-permissions>Everyone</access-permissions>
         <container id="595132662" template="system:/groovy/portal/webui/container/UITableColumnContainer.gtmpl">
            <access-permissions>Everyone</access-permissions>
            <factory-id>TableColumnContainer</factory-id>
            <container id="1759428644" template="system:/groovy/portal/webui/container/UIColumnContainer.gtmpl" width="300px">
               <access-permissions>Everyone</access-permissions>
               <factory-id>ColumnContainer</factory-id>
               <portlet-application>
                  <portlet>
                     <application-ref>seam-seamspace</application-ref>
                     <portlet-ref>twiter</portlet-ref>
                  </portlet>
                  <theme>Default:DefaultTheme::Vista:VistaTheme::Mac:MacTheme</theme>
                  <access-permissions>Everyone</access-permissions>
                  <show-info-bar>false</show-info-bar>
                  <show-application-state>true</show-application-state>
                  <show-application-mode>true</show-application-mode>
                  <description>twiter</description>
               </portlet-application>
            </container>
            <container id="2014884165" template="system:/groovy/portal/webui/container/UIColumnContainer.gtmpl">
               <access-permissions>Everyone</access-permissions>
               <factory-id>ColumnContainer</factory-id>
               <portlet-application>
                  <portlet>
                     <application-ref>seam-seamspace</application-ref>
                     <portlet-ref>aboutUs</portlet-ref>
                  </portlet>
                  <theme>Default:DefaultTheme::Vista:VistaTheme::Mac:MacTheme</theme>
                  <access-permissions>Everyone</access-permissions>
                  <show-info-bar>false</show-info-bar>
                  <show-application-state>true</show-application-state>
                  <show-application-mode>true</show-application-mode>
                  <description>aboutUs</description>
               </portlet-application>
            </container>
         </container>
      </container>
   </page>
   <page>
      <name>ContactUs</name>
      <title>Contact Us</title>
      <access-permissions>Everyone</access-permissions>
      <edit-permission>*:/platform/administrators</edit-permission>
      <show-max-window>false</show-max-window>
      <container id="333523266" template="system:/groovy/portal/webui/container/UIContainer.gtmpl">
         <access-permissions>Everyone</access-permissions>
         <container id="2140774715" template="system:/groovy/portal/webui/container/UITableColumnContainer.gtmpl">
            <access-permissions>Everyone</access-permissions>
            <factory-id>TableColumnContainer</factory-id>
            <container id="1059613167" template="system:/groovy/portal/webui/container/UIColumnContainer.gtmpl" width="300px">
               <access-permissions>Everyone</access-permissions>
               <factory-id>ColumnContainer</factory-id>
               <portlet-application>
                  <portlet>
                     <application-ref>seam-seamspace</application-ref>
                     <portlet-ref>twiter</portlet-ref>
                  </portlet>
                  <theme>Default:DefaultTheme::Vista:VistaTheme::Mac:MacTheme</theme>
                  <access-permissions>Everyone</access-permissions>
                  <show-info-bar>false</show-info-bar>
                  <show-application-state>true</show-application-state>
                  <show-application-mode>true</show-application-mode>
                  <description>twiter</description>
               </portlet-application>
            </container>
            <container id="1984096845" template="system:/groovy/portal/webui/container/UIColumnContainer.gtmpl">
               <access-permissions>Everyone</access-permissions>
               <factory-id>ColumnContainer</factory-id>
               <portlet-application>
                  <portlet>
                     <application-ref>seam-seamspace</application-ref>
                     <portlet-ref>contactUs</portlet-ref>
                  </portlet>
                  <theme>Default:DefaultTheme::Vista:VistaTheme::Mac:MacTheme</theme>
                  <access-permissions>Everyone</access-permissions>
                  <show-info-bar>false</show-info-bar>
                  <show-application-state>true</show-application-state>
                  <show-application-mode>true</show-application-mode>
                  <description>contactUs</description>
               </portlet-application>
            </container>
         </container>
      </container>
   </page>
   <page>
      <name>LabRequest</name>
      <title>Lab Request</title>
      <access-permissions>Everyone</access-permissions>
      <edit-permission>*:/platform/administrators</edit-permission>
      <show-max-window>false</show-max-window>
      <container id="2146058618" template="system:/groovy/portal/webui/container/UITableColumnContainer.gtmpl">
         <access-permissions>Everyone</access-permissions>
         <factory-id>TableColumnContainer</factory-id>
         <container id="1819341361" template="system:/groovy/portal/webui/container/UIColumnContainer.gtmpl">
            <access-permissions>Everyone</access-permissions>
            <factory-id>ColumnContainer</factory-id>
            <container id="1980166879" template="system:/groovy/portal/webui/container/UITableColumnContainer.gtmpl">
               <access-permissions>Everyone</access-permissions>
               <factory-id>TableColumnContainer</factory-id>
               <container id="1110657794" template="system:/groovy/portal/webui/container/UIColumnContainer.gtmpl">
                  <access-permissions>Everyone</access-permissions>
                  <factory-id>ColumnContainer</factory-id>
                  <portlet-application>
                     <portlet>
                        <application-ref>seam-seamspace</application-ref>
                        <portlet-ref>Request4user</portlet-ref>
                     </portlet>
                     <theme>Default:DefaultTheme::Vista:VistaTheme::Mac:MacTheme</theme>
                     <access-permissions>Everyone</access-permissions>
                     <show-info-bar>false</show-info-bar>
                     <show-application-state>true</show-application-state>
                     <show-application-mode>true</show-application-mode>
                     <description>Request4user</description>
                  </portlet-application>
               </container>
               <container id="897684034" template="system:/groovy/portal/webui/container/UIColumnContainer.gtmpl" width="350px">
                  <access-permissions>Everyone</access-permissions>
                  <factory-id>ColumnContainer</factory-id>
                  <portlet-application>
                     <portlet>
                        <application-ref>seam-seamspace</application-ref>
                        <portlet-ref>ManagerApproval</portlet-ref>
                     </portlet>
                     <theme>Default:DefaultTheme::Vista:VistaTheme::Mac:MacTheme</theme>
                     <access-permissions>Everyone</access-permissions>
                     <show-info-bar>false</show-info-bar>
                     <show-application-state>true</show-application-state>
                     <show-application-mode>true</show-application-mode>
                     <description>ManagerApproval</description>
                  </portlet-application>
               </container>
            </container>
         </container>
      </container>
   </page>
   <page>
      <name>ManagerApproval</name>
      <title>Manager Approval</title>
      <access-permissions>Everyone</access-permissions>
      <edit-permission>*:/platform/administrators</edit-permission>
      <show-max-window>false</show-max-window>
      <container id="1915133245" template="system:/groovy/portal/webui/container/UITableColumnContainer.gtmpl">
         <access-permissions>Everyone</access-permissions>
         <factory-id>TableColumnContainer</factory-id>
         <container id="1159547479" template="system:/groovy/portal/webui/container/UIColumnContainer.gtmpl">
            <access-permissions>Everyone</access-permissions>
            <factory-id>ColumnContainer</factory-id>
         </container>
         <container id="100383028" template="system:/groovy/portal/webui/container/UIColumnContainer.gtmpl" width="600px">
            <access-permissions>Everyone</access-permissions>
            <factory-id>ColumnContainer</factory-id>
            <portlet-application>
               <portlet>
                  <application-ref>seam-seamspace</application-ref>
                  <portlet-ref>ManagerApproval</portlet-ref>
               </portlet>
               <theme>Default:DefaultTheme::Mac:MacTheme::Vista:VistaTheme</theme>
               <access-permissions>Everyone</access-permissions>
               <show-info-bar>false</show-info-bar>
               <show-application-state>true</show-application-state>
               <show-application-mode>true</show-application-mode>
               <description>ManagerApproval</description>
               <icon>PortletIcon</icon>
            </portlet-application>
         </container>
         <container id="1362888701" template="system:/groovy/portal/webui/container/UIColumnContainer.gtmpl">
            <access-permissions>Everyone</access-permissions>
            <factory-id>ColumnContainer</factory-id>
         </container>
      </container>
   </page>
</page-set>