<?xml version='1.0' encoding='UTF-8'?>
<portal-config xmlns="http://www.gatein.org/xml/ns/gatein_objects_1_3" xmlns:xsi="http://www.w3.org/2001/XMLSchema-instance" xsi:schemaLocation="http://www.gatein.org/xml/ns/gatein_objects_1_3 http://www.gatein.org/xml/ns/gatein_objects_1_3">
   <portal-name>classic</portal-name>
   <label>Classic</label>
   <description>GateIn default portal</description>
   <locale>en</locale>
   <access-permissions>Everyone</access-permissions>
   <edit-permission>*:/platform/administrators</edit-permission>
   <skin>Default</skin>
   <properties>
      <entry key="showPortletInfo">0</entry>
      <entry key="sessionAlive">onDemand</entry>
   </properties>
   <portal-layout>
      <portlet-application>
         <portlet>
            <application-ref>web</application-ref>
            <portlet-ref>BannerPortlet</portlet-ref>
            <preferences>
               <preference>
                  <name>template</name>
                  <value>par:/groovy/groovy/webui/component/UIBannerPortlet.gtmpl</value>
                  <read-only>false</read-only>
               </preference>
            </preferences>
         </portlet>
         <theme>Default:DefaultTheme::Mac:MacTheme::Vista:VistaTheme</theme>
         <access-permissions>Everyone</access-permissions>
         <show-info-bar>false</show-info-bar>
         <show-application-state>true</show-application-state>
         <show-application-mode>true</show-application-mode>
         <description>Banner Portlet</description>
         <icon>PortletIcon</icon>
         <height>1000px</height>
      </portlet-application>
      <portlet-application>
         <portlet>
            <application-ref>web</application-ref>
            <portlet-ref>NavigationPortlet</portlet-ref>
            <preferences>
               <preference>
                  <name>showUserNavigation</name>
                  <value>false</value>
                  <read-only>false</read-only>
               </preference>
               <preference>
                  <name>useAJAX</name>
                  <value>false</value>
                  <read-only>false</read-only>
               </preference>
               <preference>
                  <name>level</name>
                  <value>2</value>
                  <read-only>false</read-only>
               </preference>
            </preferences>
         </portlet>
         <theme>Default:DefaultTheme::Mac:MacTheme::Vista:VistaTheme</theme>
         <access-permissions>Everyone</access-permissions>
         <show-info-bar>false</show-info-bar>
         <show-application-state>true</show-application-state>
         <show-application-mode>true</show-application-mode>
         <icon>PortletIcon</icon>
      </portlet-application>
      <portlet-application>
         <portlet>
            <application-ref>web</application-ref>
            <portlet-ref>BreadcumbsPortlet</portlet-ref>
            <preferences>
               <preference>
                  <name>useAJAX</name>
                  <value>false</value>
                  <read-only>false</read-only>
               </preference>
            </preferences>
         </portlet>
         <theme>Default:DefaultTheme::Vista:VistaTheme::Mac:MacTheme</theme>
         <access-permissions>Everyone</access-permissions>
         <show-info-bar>false</show-info-bar>
         <show-application-state>true</show-application-state>
         <show-application-mode>true</show-application-mode>
      </portlet-application>
      <page-body/>
      <portlet-application>
         <portlet>
            <application-ref>web</application-ref>
            <portlet-ref>FooterPortlet</portlet-ref>
            <preferences>
               <preference>
                  <name>template</name>
                  <value>par:/groovy/groovy/webui/component/UIFooterPortlet.gtmpl</value>
                  <read-only>false</read-only>
               </preference>
            </preferences>
         </portlet>
         <theme>Default:DefaultTheme::Vista:VistaTheme::Mac:MacTheme</theme>
         <access-permissions>Everyone</access-permissions>
         <show-info-bar>false</show-info-bar>
         <show-application-state>true</show-application-state>
         <show-application-mode>true</show-application-mode>
      </portlet-application>
   </portal-layout>
</portal-config>