<?xml version='1.0' encoding='UTF-8'?>
<node-navigation xmlns="http://www.gatein.org/xml/ns/gatein_objects_1_3" xmlns:xsi="http://www.w3.org/2001/XMLSchema-instance" xsi:schemaLocation="http://www.gatein.org/xml/ns/gatein_objects_1_3 http://www.gatein.org/xml/ns/gatein_objects_1_3">
   <priority>1</priority>
   <page-nodes>
      <node>
         <name>home</name>
         <label xml:lang="ja">ホーム</label>
         <label xml:lang="en">Home</label>
         <label xml:lang="zh-tw">首頁</label>
         <label xml:lang="cs">Domů</label>
         <label xml:lang="fr">Accueil</label>
         <label xml:lang="ru">Главная</label>
         <label xml:lang="zh">主页</label>
         <label xml:lang="ar">ترحيب</label>
         <label xml:lang="vi">Trang chủ</label>
         <label xml:lang="nl">Home</label>
         <label xml:lang="pt-br">Principal</label>
         <label xml:lang="es">Inicio</label>
         <label xml:lang="de">Startseite</label>
         <label xml:lang="ko">홈</label>
         <label xml:lang="it">Home</label>
         <label xml:lang="uk">Додому</label>
         <label xml:lang="ne">गृह पृष्‍ठ</label>
         <visibility>DISPLAYED</visibility>
         <page-reference>portal::classic::homepage</page-reference>
         <node>
            <name>wiki</name>
            <label xml:lang="en">Wiki</label>
            <visibility>HIDDEN</visibility>
            <page-reference>portal::classic::wiki</page-reference>
            <node>
               <name>addpage</name>
               <label xml:lang="en">Add Page</label>
               <visibility>DISPLAYED</visibility>
               <page-reference>portal::classic::addPage</page-reference>
            </node>
         </node>
      </node>
      <node>
         <name>groupnavigation</name>
         <label xml:lang="ja">グループナビゲーション</label>
         <label xml:lang="en">Group Navigation</label>
         <label xml:lang="zh-tw">瀏覽群組</label>
         <label xml:lang="cs">Navigace skupin</label>
         <label xml:lang="fr">Group Navigation</label>
         <label xml:lang="ru">Навигация по группам</label>
         <label xml:lang="zh">组导航</label>
         <label xml:lang="ar">مجموعة الملاحة</label>
         <label xml:lang="vi">Group Navigation</label>
         <label xml:lang="nl">Groep navigatie</label>
         <label xml:lang="pt-br">Navegação do Grupo</label>
         <label xml:lang="es">Navegación por Grupos</label>
         <label xml:lang="de">Gruppennavigation</label>
         <label xml:lang="ko">그룹 내비게이션</label>
         <label xml:lang="it">Navigazione dei Gruppi</label>
         <label xml:lang="uk">Навігація груп</label>
         <label xml:lang="ne">समुह न्याभिगेसन</label>
         <visibility>SYSTEM</visibility>
         <page-reference>portal::classic::groupnavigation</page-reference>
      </node>
      <node>
         <name>portalnavigation</name>
         <label xml:lang="ja">ポータルナビゲーション</label>
         <label xml:lang="en">Portal Navigation</label>
         <label xml:lang="zh-tw">瀏覽入口網</label>
         <label xml:lang="cs">Navigace portálu</label>
         <label xml:lang="fr">Portal Navigation</label>
         <label xml:lang="ru">Навигация по порталу</label>
         <label xml:lang="zh">门户导航</label>
         <label xml:lang="ar">بوابة الملاحة</label>
         <label xml:lang="vi">Portal Navigation</label>
         <label xml:lang="nl">Portaal navigatie</label>
         <label xml:lang="pt-br">Navegação do Portal</label>
         <label xml:lang="es">Navegación por Portales</label>
         <label xml:lang="de">Portalnavigation</label>
         <label xml:lang="ko">포탈 내비게이션</label>
         <label xml:lang="it">Navigazione del Portale</label>
         <label xml:lang="uk">Навігація порталу</label>
         <label xml:lang="ne">पोर्टल न्याभिगेसन</label>
         <visibility>SYSTEM</visibility>
         <page-reference>portal::classic::portalnavigation</page-reference>
      </node>
      <node>
         <name>register</name>
         <label xml:lang="zh">注册</label>
         <label xml:lang="ja">登録</label>
         <label xml:lang="en">Register</label>
         <label xml:lang="vi">Đăng ký</label>
         <label xml:lang="zh-tw">註冊</label>
         <label xml:lang="nl">Registreren</label>
         <label xml:lang="es">Registrarse</label>
         <label xml:lang="pt-br">Cadastrar-se</label>
         <label xml:lang="de">Registrieren</label>
         <label xml:lang="ko">등록</label>
         <label xml:lang="cs">Registrace</label>
         <label xml:lang="it">Registrazione</label>
         <label xml:lang="ne">दर्ता</label>
         <visibility>SYSTEM</visibility>
         <page-reference>portal::classic::register</page-reference>
      </node>
      <node>
         <name>notfound</name>
         <label>NotFound</label>
         <visibility>SYSTEM</visibility>
      </node>
      <node>
         <name>page-Groups</name>
         <label>#{portal.extension.Groups}</label>
         <visibility>DISPLAYED</visibility>
         <page-reference>portal::classic::Groups</page-reference>
         <node>
            <name>page-Molplex</name>
            <label>#{portal.extension.Groups_Molplex}</label>
            <visibility>DISPLAYED</visibility>
            <page-reference>portal::classic::Groups</page-reference>
            <node>
               <name>page-Executive</name>
               <label>#{portal.extension.Groups_Executives}</label>
               <visibility>DISPLAYED</visibility>
               <page-reference>portal::classic::Groups</page-reference>
            </node>
            <node>
               <name>page-Development</name>
               <label>#{portal.extension.Groups_Development}</label>
               <visibility>DISPLAYED</visibility>
               <page-reference>portal::classic::Groups</page-reference>
            </node>
         </node>
         <node>
            <name>page-Partners</name>
            <label>#{portal.extension.Groups_Partners}</label>
            <visibility>DISPLAYED</visibility>
            <page-reference>portal::classic::Groups</page-reference>
            <node>
               <name>page-Executive</name>
               <label>#{portal.extension.Groups_IMR}</label>
               <visibility>DISPLAYED</visibility>
               <page-reference>portal::classic::Groups</page-reference>
            </node>
            <node>
               <name>page-Development</name>
               <label>#{portal.extension.Groups_Sunderland}</label>
               <visibility>DISPLAYED</visibility>
               <page-reference>portal::classic::Groups</page-reference>
            </node>
         </node>
      </node>
      <node>
         <name>page-just-added</name>
         <label>#{portal.extension.justAddedPage}</label>
         <visibility>DISPLAYED</visibility>
         <page-reference>portal::classic::Project</page-reference>
         <node>
            <name>page-just-added-Ltas</name>
            <label>#{portal.extension.justAddedPage_LTAS}</label>
            <visibility>DISPLAYED</visibility>
            <page-reference>portal::classic::ltas</page-reference>
            <node>
               <name>LabRequest</name>
               <label xml:lang="en">Lab Request</label>
               <visibility>HIDDEN</visibility>
               <page-reference>portal::classic::LabRequest</page-reference>
            </node>
         </node>
         <node>
            <name>page-just-added-Dengue</name>
            <label>#{portal.extension.justAddedPage_Dengue}</label>
            <visibility>DISPLAYED</visibility>
            <page-reference>portal::classic::Dengue</page-reference>
         </node>
      </node>
      <node>
         <name>page-portfolio</name>
         <label>#{portal.extension.Portfolios}</label>
         <visibility>DISPLAYED</visibility>
         <page-reference>portal::classic::Portfolio</page-reference>
         <node>
            <name>page-portfolio_Cancer</name>
            <label>#{portal.extension.Portfolios_Cancer}</label>
            <visibility>DISPLAYED</visibility>
            <page-reference>portal::classic::Portfolio</page-reference>
         </node>
         <node>
            <name>page-portfolio_NTD</name>
            <label>#{portal.extension.Portfolios_NTD}</label>
            <visibility>DISPLAYED</visibility>
            <page-reference>portal::classic::Portfolio</page-reference>
         </node>
      </node>
      <node>
         <name>Setup</name>
         <label xml:lang="en">Setup</label>
         <visibility>DISPLAYED</visibility>
         <page-reference>portal::classic::compound</page-reference>
         <node>
            <name>CompoundProperties</name>
            <visibility>DISPLAYED</visibility>
            <page-reference>portal::classic::compound</page-reference>
         </node>
         <node>
            <name>Assay</name>
            <visibility>DISPLAYED</visibility>
            <page-reference>portal::classic::assay1</page-reference>
         </node>
         <node>
            <name>Portfolios</name>
            <visibility>DISPLAYED</visibility>
            <page-reference>portal::classic::portfolios2</page-reference>
         </node>
         <node>
            <name>Projects</name>
            <visibility>DISPLAYED</visibility>
            <page-reference>portal::classic::projects2</page-reference>
         </node>
         <node>
            <name>Groups</name>
            <visibility>DISPLAYED</visibility>
            <page-reference>portal::classic::groups2</page-reference>
         </node>
         <node>
            <name>ApproveTherapy</name>
            <label xml:lang="en">Approved Therapy</label>
            <visibility>DISPLAYED</visibility>
            <page-reference>portal::classic::ApprovedTherapy</page-reference>
         </node>
         <node>
            <name>ManagerApproval</name>
            <label xml:lang="en">Manager Approval</label>
            <visibility>DISPLAYED</visibility>
            <page-reference>portal::classic::ManagerApproval</page-reference>
         </node>
      </node>
      <node>
         <name>AboutUs</name>
         <label xml:lang="en">About Us</label>
         <visibility>DISPLAYED</visibility>
         <page-reference>portal::classic::aboutUs</page-reference>
      </node>
      <node>
         <name>ContactUs</name>
         <label xml:lang="en">Contact Us</label>
         <visibility>DISPLAYED</visibility>
         <page-reference>portal::classic::ContactUs</page-reference>
      </node>
   </page-nodes>
</node-navigation>